"main_cell_type","main_cell_type.freq.refer","main_cell_type.freq.pred","main_cell_type.prop.refer","main_cell_type.prop.pred"
"Monocyte",1118,1123,0.32940483205657,0.330878020035356
"NK cell",164,157,0.0483205657041839,0.0462581025338833
"T cell",2112,2114,0.622274602239246,0.62286387743076
