"main_cell_type","main_cell_type.freq.refer","main_cell_type.freq.pred","main_cell_type.prop.refer","main_cell_type.prop.pred"
"Monocyte",1118,1121,0.32940483205657,0.330288744843842
"NK cell",164,163,0.0483205657041839,0.0480259281084266
"T cell",2112,2110,0.622274602239246,0.621685327047731
