"Item","Spearman.Correlation","p.value"
"Main Cell Types",1,0.333333333333333
"All Sub-celltypes",0.866666666666667,0.00268141517103888
"Monocyte",1,0.333333333333333
"T cell",0.942857142857143,0.0166666666666667
