"main_cell_type","main_cell_type.freq.refer","main_cell_type.freq.pred","main_cell_type.prop.refer","main_cell_type.prop.pred"
"Monocyte",1118,1120,0.32940483205657,0.329994107248085
"NK cell",164,158,0.0483205657041839,0.0465527401296405
"T cell",2112,2116,0.622274602239246,0.623453152622275
