"Item","Spearman.Correlation","p.value"
"Main Cell Types",1,0.333333333333333
"All Sub-celltypes",0.878787878787879,0.0019770587107552
"Monocyte",0.5,1
"T cell",1,0.00277777777777778
