"Item","Spearman.Correlation","p.value"
"Main Cell Types",1,0.333333333333333
"All Sub-celltypes",0.757575757575757,0.0159208292880929
"Monocyte",1,0.333333333333333
"T cell",0.142857142857143,0.802777777777778
